title,type,year,rated,released,genre,director,writer,language,country,imdb_id,imdb_rating,imdb_votes,production,website,poster
My Mister,series,2018,N/A,21 Mar 2018,"Drama, Family",N/A,N/A,Korean,South Korea,tt7923710,9.1,"2,830",N/A,N/A,https://m.media-amazon.com/images/M/MV5BNGFiNGYzMjMtYjJjYi00MTc4LWEyMTUtNGRlZGYzMTNhNTM3XkEyXkFqcGdeQXVyNDY5MjMyNTg@._V1_SX300.jpg
Running Man,series,2010–,TV-14,11 Jul 2010,"Comedy, Game-Show, Reality-TV",N/A,N/A,Korean,South Korea,tt2185037,9.0,"2,606",N/A,N/A,https://m.media-amazon.com/images/M/MV5BYTU3YjU3NWUtMDk3NS00ZjI4LWExMDEtZWI0ZDJkOGI1MDExXkEyXkFqcGdeQXVyOTU0MjgwMzU@._V1_SX300.jpg
Reply 1988,series,2015–2016,N/A,06 Nov 2015,"Comedy, Drama, Family",N/A,N/A,Korean,South Korea,tt5182866,9.1,"3,434",N/A,N/A,https://m.media-amazon.com/images/M/MV5BNDYwODdiOTItZTExZC00ZDZjLTkyODMtMWYxODVlMjQ0YjQxXkEyXkFqcGdeQXVyNjExNTE4MzU@._V1_SX300.jpg
Signal,series,2016,N/A,22 Jan 2016,"Crime, Drama, Fantasy, Sci-Fi, Thriller",N/A,N/A,Korean,South Korea,tt5332206,8.6,"4,181",N/A,N/A,https://m.media-amazon.com/images/M/MV5BMzBiMzgxYjctODhhYi00ZDE3LWJkZWMtNWI4MWViMzJiOGUyXkEyXkFqcGdeQXVyMzE4MDkyNTA@._V1_SX300.jpg
Mr. Sunshine,series,2018,TV-MA,07 Jul 2018,"Action, Drama, History, Romance, War",N/A,N/A,"Korean, Japanese, English",South Korea,tt7094780,8.8,"4,397",N/A,N/A,https://m.media-amazon.com/images/M/MV5BZDM4OTcxOGItYjRkYy00YTI4LWI3YjctYzMxN2Q1ZjNmYTcyXkEyXkFqcGdeQXVyNTAyODkwOQ@@._V1_SX300.jpg
Crash Landing on You,series,2019–2020,TV-14,14 Dec 2019,"Comedy, Romance",N/A,N/A,Korean,South Korea,tt10850932,8.7,"12,399",N/A,N/A,https://m.media-amazon.com/images/M/MV5BMzRiZWUyN2YtNDI4YS00NTg2LTg0OTgtMGI2ZjU4ODQ4Yjk3XkEyXkFqcGdeQXVyNTI5NjIyMw@@._V1_SX300.jpg
Prison Playbook,series,2017–2018,N/A,22 Nov 2017,"Comedy, Drama",N/A,N/A,Korean,South Korea,tt7622902,8.4,"1,676",N/A,N/A,https://m.media-amazon.com/images/M/MV5BMTQzMzYwNzEtY2U1Zi00MTA1LWJhZTctZjE2NjMzYjlmNmQwXkEyXkFqcGdeQXVyMzE4MDkyNTA@._V1_SX300.jpg
Tunnel,series,2017,N/A,25 Mar 2017,"Crime, Fantasy, Thriller",N/A,N/A,Korean,South Korea,tt6356086,8.3,"1,743",N/A,N/A,https://m.media-amazon.com/images/M/MV5BNTM1MzFkZGQtM2FkNC00ZGEyLTkwYWQtOWVkODhhM2NlYzkyXkEyXkFqcGdeQXVyMzE4MDkyNTA@._V1_SX300.jpg
Hyena,series,2020–,N/A,21 Feb 2020,"Drama, Romance",N/A,N/A,Korean,South Korea,tt11534164,7.8,502,N/A,N/A,https://m.media-amazon.com/images/M/MV5BYzZmNjljMWQtMzE5MS00YjIzLTg2MGItMmNmNWE0MzEyYWFhXkEyXkFqcGdeQXVyNjc3MjQzNTI@._V1_SX300.jpg
Kingdom,series,2019–,TV-MA,25 Jan 2019,"Action, Drama, Horror, Thriller",N/A,N/A,Korean,South Korea,tt6611916,8.4,"29,832",N/A,N/A,https://m.media-amazon.com/images/M/MV5BNTBlZmE4YzItNTY5Mi00NmIxLTlhZTAtOWIxNjFlNTMzNmI1XkEyXkFqcGdeQXVyMTMxODk2OTU@._V1_SX300.jpg
The Sound of Your Heart,series,2016–,N/A,07 Nov 2016,Comedy,N/A,N/A,Korean,South Korea,tt4613520,8.3,794,N/A,N/A,https://m.media-amazon.com/images/M/MV5BOTNjMDIyMDktMDQwOS00OGU0LWI1ZjAtNTliOTZlNzA0MmMzXkEyXkFqcGdeQXVyMjgxMTM2OQ@@._V1_SX300.jpg
Live,series,2018,N/A,10 Mar 2018,"Comedy, Crime, Drama",N/A,N/A,Korean,South Korea,tt7976532,8.4,842,N/A,N/A,https://m.media-amazon.com/images/M/MV5BMmYwZWQ1NmUtYTM1My00NWZmLTk0NzAtMWY0YzFmYjlkNTE0XkEyXkFqcGdeQXVyMzE4MDkyNTA@._V1_SX300.jpg
Arthdal Chronicles,series,2019–,N/A,01 Jun 2019,"Action, Drama, Fantasy, History, Romance",N/A,N/A,Korean,South Korea,tt8750956,8.4,"2,560",N/A,N/A,https://m.media-amazon.com/images/M/MV5BOGVjMjhhYzEtZjA3YS00NDA1LTg0ZGQtYTQ2MzJlOGU1MDBkXkEyXkFqcGdeQXVyMzE4MDkyNTA@._V1_SX300.jpg
My Country: The New Age,series,2019–,N/A,04 Oct 2019,"Action, Drama, History, Romance",N/A,N/A,Korean,South Korea,tt10850888,8.3,"1,165",N/A,N/A,https://m.media-amazon.com/images/M/MV5BMGEzZjUwNDItNTYwNS00YWU3LTlhZmUtNDEwNzk5ZTk0YzBkXkEyXkFqcGdeQXVyNDY5MjMyNTg@._V1_SX300.jpg
The King: Eternal Monarch,series,2020,TV-14,17 Apr 2020,"Fantasy, Mystery, Romance",N/A,N/A,Korean,South Korea,tt11228748,8.2,"6,272",N/A,N/A,https://m.media-amazon.com/images/M/MV5BMDk2MDAyNmYtY2VlNS00N2EzLWE4ZDEtMmI0N2ViYzk4ODU4XkEyXkFqcGdeQXVyNjc3MjQzNTI@._V1_SX300.jpg
Reply 1997,series,2012–2013,N/A,24 Jul 2012,"Comedy, Drama, Romance",N/A,N/A,Korean,South Korea,tt2782216,8.2,"1,607",N/A,N/A,https://m.media-amazon.com/images/M/MV5BNThjNzc0YTYtMDAxZS00YTEwLTg0N2ItYjc3NDlkODRlNmM4XkEyXkFqcGdeQXVyMzE4MDkyNTA@._V1_SX300.jpg
Something in the Rain,series,2018,N/A,30 Mar 2018,"Drama, Romance",N/A,N/A,Korean,South Korea,tt8078816,8.1,"3,645",N/A,N/A,https://m.media-amazon.com/images/M/MV5BNmM4ZjUwZDctZTlhYS00NDM3LTgxOTMtNDU0ZmM2YmY4M2I4XkEyXkFqcGdeQXVyMzE4MDkyNTA@._V1_SX300.jpg
Chicago Typewriter,series,2017,N/A,07 Apr 2017,"Drama, Fantasy, Romance",N/A,N/A,Korean,South Korea,tt6516076,8.3,"1,138",N/A,N/A,https://m.media-amazon.com/images/M/MV5BNGIyYjM2YjktZTliMi00YzQ4LThkZDctYzY5NDVhMjgwZjA0XkEyXkFqcGdeQXVyMzE4MDkyNTA@._V1_SX300.jpg
Because This Is My First Life,series,2017,N/A,09 Oct 2017,"Comedy, Drama, Romance",N/A,N/A,Korean,South Korea,tt7278588,8.1,"2,622",N/A,N/A,https://m.media-amazon.com/images/M/MV5BNzIzNjRiMjEtNDg0Ny00NmUxLThkNDctMDYyOTU2ZjBhYTIyXkEyXkFqcGdeQXVyMTMxODk2OTU@._V1_SX300.jpg
Itaewon Class,series,2020,TV-MA,31 Jan 2020,"Drama, Romance",N/A,N/A,Korean,South Korea,tt11239552,8.2,"5,991",N/A,N/A,https://m.media-amazon.com/images/M/MV5BODY1NWE2OTctOTU5MC00NTlmLWI2MzktMmYzMTUzYjk4YjEzXkEyXkFqcGdeQXVyNjc3MjQzNTI@._V1_SX300.jpg
Rugal,series,2020–,N/A,28 Mar 2020,"Action, Crime, Sci-Fi, Thriller",N/A,N/A,Korean,South Korea,tt11769798,6.4,533,N/A,N/A,https://m.media-amazon.com/images/M/MV5BZDFmOTBlMjItNDhlMC00ZGM4LTgzOWQtZTJjYzYzODMxZWU3XkEyXkFqcGdeQXVyMTMxODk2OTU@._V1_SX300.jpg
Oh My Ghost,series,2015,N/A,03 Jul 2015,"Comedy, Drama, Fantasy, Romance",N/A,N/A,Korean,South Korea,tt4799574,8.1,"3,381",N/A,N/A,https://m.media-amazon.com/images/M/MV5BMWRmNDRkN2ItYTEyNS00NWVhLWFkNzgtNWJkM2RkOTcyNWRmXkEyXkFqcGdeQXVyMzE4MDkyNTA@._V1_SX300.jpg
A Korean Odyssey,series,2017–2018,N/A,23 Dec 2017,"Comedy, Fantasy, Horror, Romance",N/A,N/A,Korean,South Korea,tt7099334,8.1,"3,093",N/A,N/A,https://m.media-amazon.com/images/M/MV5BZjUzYTU2MmUtMmJjNS00OTAwLTkwZjUtZDI0NzQzMTQ2Mjk0XkEyXkFqcGdeQXVyMzE4MDkyNTA@._V1_SX300.jpg
Oh My Ghost,series,2015,N/A,03 Jul 2015,"Comedy, Drama, Fantasy, Romance",N/A,N/A,Korean,South Korea,tt4799574,8.1,"3,381",N/A,N/A,https://m.media-amazon.com/images/M/MV5BMWRmNDRkN2ItYTEyNS00NWVhLWFkNzgtNWJkM2RkOTcyNWRmXkEyXkFqcGdeQXVyMzE4MDkyNTA@._V1_SX300.jpg
Romance Is a Bonus Book,series,2019,N/A,26 Jan 2019,Romance,N/A,N/A,Korean,South Korea,tt9130542,8.1,"2,936",N/A,N/A,https://m.media-amazon.com/images/M/MV5BMTZiMzZjZDUtMmU2MS00MWU4LWFmODYtZmU3ZjlhODYwMGJkXkEyXkFqcGdeQXVyMzE4MDkyNTA@._V1_SX300.jpg
Rookie Historian Goo Hae-Ryung,series,2019,N/A,17 Jul 2019,"Drama, History, Romance",N/A,N/A,Korean,South Korea,tt10406128,8.2,996,N/A,N/A,https://m.media-amazon.com/images/M/MV5BMmVmMjlkMzctNjg3OS00NTk3LWEwNjEtMmIzOTJkN2U3ODY5XkEyXkFqcGdeQXVyOTE4NzcwNzI@._V1_SX300.jpg
Hell Is Other People,series,2019,N/A,31 Aug 2019,"Crime, Horror, Mystery",N/A,N/A,Korean,South Korea,tt10613844,7.9,"1,870",N/A,N/A,https://m.media-amazon.com/images/M/MV5BNTlkZTc2YzktZGEwYS00YzJmLWI3M2YtMmI1M2Y2MDNlNmI1XkEyXkFqcGdeQXVyOTE4NzcwNzI@._V1_SX300.jpg
Dear My Friends,series,2016,N/A,13 May 2016,"Comedy, Drama",N/A,N/A,N/A,South Korea,tt5689030,8.3,201,N/A,N/A,https://m.media-amazon.com/images/M/MV5BZjVjOGI0ZGEtYzQ2YS00NTFmLTg4MGMtM2ViYTRiNThhMDZiXkEyXkFqcGdeQXVyMzE4MDkyNTA@._V1_SX300.jpg
Boys Over Flowers,series,2009,TV-14,05 Jan 2009,"Comedy, Drama, Romance",N/A,N/A,Korean,South Korea,tt1370334,7.9,"8,993",N/A,N/A,https://m.media-amazon.com/images/M/MV5BZmNmMTdhNzItNjM4ZC00NjgxLWIwNWMtMzkxZWZkZWVjMzZkXkEyXkFqcGdeQXVyMzE4MDkyNTA@._V1_SX300.jpg
"Hi Bye, Mama!",series,2020–,N/A,22 Feb 2020,"Comedy, Drama, Fantasy",N/A,N/A,Korean,South Korea,tt11804034,8.0,"1,022",N/A,N/A,https://m.media-amazon.com/images/M/MV5BNzU0NWY5MzQtNjE3Yy00N2M3LThhOTctMDZkM2E1NGJiNmU3XkEyXkFqcGdeQXVyOTE4NzcwNzI@._V1_SX300.jpg
Iris,series,2009–2013,N/A,14 Oct 2009,"Action, Mystery, Romance, Thriller",N/A,N/A,"Korean, English, Japanese, Hungarian, Mandarin",South Korea,tt1757202,7.9,"1,695",N/A,N/A,https://m.media-amazon.com/images/M/MV5BMzgwZDZiYzEtZjdmYS00NDVlLTg4MWUtNzJhNjc4ZmI5YzBiXkEyXkFqcGdeQXVyMzE4MDkyNTA@._V1_SX300.jpg
Reply 1994,series,2013,N/A,18 Oct 2013,"Comedy, Drama, Romance",N/A,N/A,Korean,South Korea,tt3357586,7.9,948,N/A,N/A,https://m.media-amazon.com/images/M/MV5BYTA4NDZmNDEtNjZkYS00ZWNlLTg1MTItZjhkM2JlNmI1MzI0XkEyXkFqcGdeQXVyMzE4MDkyNTA@._V1_SX300.jpg
Bad Guys,series,2014,TV-MA,10 Oct 2014,Crime,N/A,N/A,Korean,South Korea,tt3914520,7.9,"1,212",N/A,N/A,https://m.media-amazon.com/images/M/MV5BMjI2NjY4MDctYjE5Ni00OWJmLTg5MjEtYTYyYjkzZjU5NjIzXkEyXkFqcGdeQXVyMzE4MDkyNTA@._V1_SX300.jpg
Another Miss Oh,series,2016,N/A,02 May 2016,"Comedy, Fantasy, Romance",N/A,N/A,Korean,South Korea,tt5679572,7.9,"1,289",N/A,N/A,https://m.media-amazon.com/images/M/MV5BOGY2MGM0NmEtYjVkNC00ZTE2LTg4OGItMTQ0ZWJjMmM1OWFhXkEyXkFqcGdeQXVyMTMxODk2OTU@._V1_SX300.jpg
One Spring Night,series,2019,N/A,22 May 2019,"Drama, Romance",N/A,N/A,Korean,South Korea,tt10192576,7.9,"1,373",N/A,N/A,https://m.media-amazon.com/images/M/MV5BYzg5YWZmMGItZWM1MC00NWI4LTgxY2ItNzAyZDU0MTRmYTNkXkEyXkFqcGdeQXVyMzE4MDkyNTA@._V1_SX300.jpg
Chief of Staff,series,2019–,N/A,14 Jun 2019,Drama,N/A,N/A,Korean,South Korea,tt10220476,7.9,287,N/A,N/A,https://m.media-amazon.com/images/M/MV5BZDkyYTM4ZTAtNDQyYy00MmM2LTgxZjktODg4YTAzZDg4Mjc1XkEyXkFqcGdeQXVyMzE4MDkyNTA@._V1_SX300.jpg
Designated Survivor: 60 Days,series,2019,N/A,01 Jul 2019,"Drama, Thriller",N/A,N/A,Korean,South Korea,tt10405394,8.1,748,N/A,N/A,https://m.media-amazon.com/images/M/MV5BMTZmZWIzNGItZGQ1YS00NmM3LTgzYTctNzEzMjIyMjViNTUwXkEyXkFqcGdeQXVyNjc3MjQzNTI@._V1_SX300.jpg
When the Camellia Blooms,series,2019,N/A,18 Sep 2019,"Comedy, Drama, Romance, Thriller",N/A,N/A,Korean,South Korea,tt10826064,8.0,"1,435",N/A,N/A,https://m.media-amazon.com/images/M/MV5BZjM5ODk0MGItOWFjNS00NjUxLWEwM2EtYzBiYjAwNzE0MmE3XkEyXkFqcGdeQXVyNjc3MjQzNTI@._V1_SX300.jpg
Save Me,series,2017–2019,TV-14,05 Aug 2017,"Mystery, Thriller",N/A,N/A,Korean,South Korea,tt7020532,8.0,767,N/A,N/A,https://m.media-amazon.com/images/M/MV5BYWJkMTU2ZTctOWI2Yi00NzEwLWI5OTMtNGQwNDViMjdiOWE4XkEyXkFqcGdeQXVyMzE4MDkyNTA@._V1_SX300.jpg
Hospital Playlist,series,2020–2021,N/A,12 Mar 2020,"Comedy, Drama",N/A,N/A,Korean,South Korea,tt11769304,8.7,"1,817",N/A,N/A,https://m.media-amazon.com/images/M/MV5BYmFmNGE1ZTEtMzkwMi00YjNhLWE0ODItZTAxYTAyMmJhMGI3XkEyXkFqcGdeQXVyNDY5MjMyNTg@._V1_SX300.jpg
Miraculous: Tales of Ladybug & Cat Noir,series,2015–,TV-Y7,20 Dec 2015,"Animation, Action, Adventure, Family, Fantasy, Romance",N/A,N/A,"Urdu, Hindi, Spanish, French, Korean, English","France, South Korea, Japan, Spain, Mexico",tt2580046,7.8,"5,435",N/A,N/A,https://m.media-amazon.com/images/M/MV5BMDhkYmNjMTUtNmJhZC00NDVmLTljMGYtMmY5MWFiZDVjNDc0XkEyXkFqcGdeQXVyNjc0MjcxMDk@._V1_SX300.jpg
Miraculous: Tales of Ladybug & Cat Noir,series,2015–,TV-Y7,20 Dec 2015,"Animation, Action, Adventure, Family, Fantasy, Romance",N/A,N/A,"Urdu, Hindi, Spanish, French, Korean, English","France, South Korea, Japan, Spain, Mexico",tt2580046,7.8,"5,435",N/A,N/A,https://m.media-amazon.com/images/M/MV5BMDhkYmNjMTUtNmJhZC00NDVmLTljMGYtMmY5MWFiZDVjNDc0XkEyXkFqcGdeQXVyNjc0MjcxMDk@._V1_SX300.jpg
"That Winter, the Wind Blows",series,2013,N/A,13 Feb 2013,Drama,N/A,N/A,Korean,South Korea,tt2806646,7.7,"1,418",N/A,N/A,https://m.media-amazon.com/images/M/MV5BODI0ODVjMzQtZDEwNy00MWNmLWJmZjYtNTJjMTg1ZmRmZTA0XkEyXkFqcGdeQXVyMzE4MDkyNTA@._V1_SX300.jpg
Voice,series,2017–2021,TV-14,01 Mar 2020,"Action, Crime, Mystery, Thriller",N/A,N/A,Korean,South Korea,tt6212854,7.7,"1,231",N/A,N/A,https://m.media-amazon.com/images/M/MV5BNzU2NWU0MjUtMGE1NS00MGE3LTk4ZTktYzhjMjk3NTBiNWNhXkEyXkFqcGdeQXVyMTA3MzQ4MTc0._V1_SX300.jpg
Alhambeura Goongjeonui Chooeok,series,2018–2019,TV-MA,01 Dec 2018,"Drama, Romance, Sci-Fi, Thriller",N/A,N/A,"Korean, English, Spanish",South Korea,tt8236556,7.8,"3,647",N/A,N/A,https://m.media-amazon.com/images/M/MV5BMGZjOTc4ODgtMTA4Yi00ZWFiLWFiZTUtMDk1ZjZmNDlhYTAyXkEyXkFqcGdeQXVyMzE4MDkyNTA@._V1_SX300.jpg
The K2,series,2016,TV-14,23 Sep 2016,"Drama, Romance, Thriller",N/A,N/A,Korean,South Korea,tt5966882,7.8,"3,566",N/A,N/A,https://m.media-amazon.com/images/M/MV5BMGI1MDIzNTItMzg1ZS00MmFkLWFlZDEtYmVmZWVkMDZkM2U3XkEyXkFqcGdeQXVyMTMxODk2OTU@._V1_SX300.jpg
Mystic Pop-up Bar,series,2020,N/A,20 May 2020,"Comedy, Fantasy, Mystery",N/A,N/A,Korean,South Korea,tt12246190,8.0,"1,067",N/A,N/A,https://m.media-amazon.com/images/M/MV5BM2Q5NWE0ZjctYWI2MS00N2E1LWE5NjAtYTY5ZTRjN2ZmZWJlXkEyXkFqcGdeQXVyMTMxODk2OTU@._V1_SX300.jpg
Mother,movie,2009,R,28 May 2009,"Crime, Drama, Mystery, Thriller",Bong Joon Ho,"Bong Joon Ho (story), Eun-kyo Park (screenplay), Bong Joon Ho (screenplay)",Korean,South Korea,tt1216496,7.8,"53,293",CJ Entertainment,N/A,https://m.media-amazon.com/images/M/MV5BMTQzMTg0NDA1M15BMl5BanBnXkFtZTgwODUzMTE0MjE@._V1_SX300.jpg
Cain and Abel,series,2009,N/A,18 Feb 2009,"Action, Drama, Romance",N/A,N/A,Korean,South Korea,tt3147968,7.7,214,N/A,N/A,https://m.media-amazon.com/images/M/MV5BOWJhYjhjNWYtZTMzYS00NTk0LThhN2MtNDYyNjEzYmIwNjVkXkEyXkFqcGdeQXVyMzE4MDkyNTA@._V1_SX300.jpg
Let's Eat,series,2013–,N/A,28 Nov 2013,"Comedy, Romance",N/A,N/A,Korean,South Korea,tt3385484,7.8,490,N/A,N/A,https://m.media-amazon.com/images/M/MV5BYTY5N2M0ZTYtZTFiNC00MmE5LWE4MWUtNmZjM2RjY2QwN2FlXkEyXkFqcGdeQXVyMTMxODk2OTU@._V1_SX300.jpg
Let's Eat,series,2013–,N/A,28 Nov 2013,"Comedy, Romance",N/A,N/A,Korean,South Korea,tt3385484,7.8,490,N/A,N/A,https://m.media-amazon.com/images/M/MV5BYTY5N2M0ZTYtZTFiNC00MmE5LWE4MWUtNmZjM2RjY2QwN2FlXkEyXkFqcGdeQXVyMTMxODk2OTU@._V1_SX300.jpg
Second 20s,series,2015,N/A,28 Aug 2015,Drama,N/A,N/A,Korean,South Korea,tt4984004,7.7,258,N/A,N/A,https://m.media-amazon.com/images/M/MV5BZDQ4ZjQxZGEtYmRhMi00YmI3LTkyNDQtN2E1ZDdhNjlkM2UzXkEyXkFqcGdeQXVyMTMxODk2OTU@._V1_SX300.jpg
Live Up to Your Name,series,2017,N/A,12 Aug 2017,"Drama, Fantasy, Romance",N/A,N/A,Korean,South Korea,tt7094874,7.8,685,N/A,N/A,https://m.media-amazon.com/images/M/MV5BMzYwY2NkZGItYzBmZi00YjI3LWJlMTQtYjE5NWE4Y2RjMzNmXkEyXkFqcGdeQXVyMTMxODk2OTU@._V1_SX300.jpg
Tong: Memories,series,2016,N/A,22 Jul 2016,Drama,N/A,N/A,Korean,South Korea,tt6289552,8.0,43,N/A,N/A,https://m.media-amazon.com/images/M/MV5BZTc2ZWZkYTMtNGZhZC00ZjkzLWFmYTctYmE2MzRhYTEzZDNlXkEyXkFqcGdeQXVyOTQwMjU4ODg@._V1_SX300.jpg
My First First Love,series,2019,N/A,18 Apr 2019,Drama,N/A,N/A,Korean,South Korea,tt8995604,7.6,"1,392",N/A,N/A,https://m.media-amazon.com/images/M/MV5BMWVhNTgwMWEtN2U4Yi00NDhhLWIxOWQtNDc2Y2Y1MTFmM2U1XkEyXkFqcGdeQXVyMTEwMTcyMzkz._V1_SX300.jpg
Burning,movie,2018,Not Rated,17 May 2018,"Drama, Mystery",Chang-dong Lee,"Jungmi Oh (screenplay by), Chang-dong Lee (screenplay by), Haruki Murakami (based on the short story ""Barn Burning"" by)","Korean, English","South Korea, Japan",tt7282468,7.5,"50,002",N/A,N/A,https://m.media-amazon.com/images/M/MV5BMWNmYjI1M2UtNDdkNi00MTgwLWFiZmYtODcxNWZhM2Y2NWFkXkEyXkFqcGdeQXVyMTMxODk2OTU@._V1_SX300.jpg
"Bring It On, Ghost",series,2016,TV-14,11 Jul 2016,"Comedy, Fantasy, Romance",N/A,N/A,Korean,South Korea,tt5768840,7.7,"1,524",N/A,N/A,https://m.media-amazon.com/images/M/MV5BNDJlYjVjMzUtNzBlOC00Yjk2LWJhMDYtMTJlZjA1NDM3NDI4XkEyXkFqcGdeQXVyMzE4MDkyNTA@._V1_SX300.jpg
Aruna & Her Palate,movie,2018,TV-MA,27 Sep 2018,Drama,Edwin,"Laksmi Pamuntjak (story), Titien Wattimena (script writer)",Indonesian,"Indonesia, South Korea, Singapore",tt8894180,7.3,603,N/A,N/A,https://m.media-amazon.com/images/M/MV5BNDkwMmQ1Y2ItYjUxMi00MjQ0LTgyNWItZWMwMmFlYjg2Mzg2XkEyXkFqcGdeQXVyMTMxODk2OTU@._V1_SX300.jpg
Record of Youth,series,2020–,TV-14,07 Sep 2020,"Drama, Romance",N/A,N/A,Korean,South Korea,tt12850322,7.3,"1,168",N/A,N/A,https://m.media-amazon.com/images/M/MV5BM2Y5NDA4ZTAtNDViZS00NGMzLWFjNDUtZGI0NzRiNGQ3ZDg4XkEyXkFqcGdeQXVyNDY5MjMyNTg@._V1_SX300.jpg
The Good Detective,series,2020–,N/A,06 Jul 2020,"Action, Drama, Mystery, Thriller",N/A,N/A,Korean,South Korea,tt12504214,7.4,297,N/A,N/A,https://m.media-amazon.com/images/M/MV5BZWY1ZjAwZTctMmUwNS00MmY0LTg3ZjItYTBmYWZmNWFkMTBlXkEyXkFqcGdeQXVyMTE2MTc3MzU1._V1_SX300.jpg
Familiar Wife,series,2018,N/A,01 Aug 2018,"Fantasy, Romance",N/A,N/A,Korean,South Korea,tt8487786,7.5,522,N/A,N/A,https://m.media-amazon.com/images/M/MV5BYzg4YmFhYTEtNzdjMi00MjUwLWI5YTgtYmQ3MzNjMTY0MmE0XkEyXkFqcGdeQXVyMzE4MDkyNTA@._V1_SX300.jpg
Invader ZIM: Enter the Florpus,movie,2019,TV-Y7-FV,16 Aug 2019,"Animation, Action, Adventure, Comedy, Family, Sci-Fi","Hae Young Jung, Young Kyun Park, Jhonen Vasquez","Jhonen Vasquez, Jhonen Vasquez (creator), Breehn Burns (story consultant), Eric Trueheart (writing consultant)","English, Korean","South Korea, USA",tt6739094,7.5,"4,866",N/A,N/A,https://m.media-amazon.com/images/M/MV5BZTYyY2NlMzktZWE4Yi00ZjkxLWJjZGItNTgyMDU3YTc4MTlkXkEyXkFqcGdeQXVyMTMxODk2OTU@._V1_SX300.jpg
Love Alarm,series,2019–,TV-MA,22 Aug 2019,"Comedy, Drama, Romance",N/A,N/A,Korean,South Korea,tt9145880,7.4,"2,318",N/A,N/A,https://m.media-amazon.com/images/M/MV5BMDI2ZmQ2MGMtN2NhMC00MWJiLWI5YmYtYzEzMjljOGI4YjAxXkEyXkFqcGdeQXVyMTA1OTkyNzk5._V1_SX300.jpg
Cheese in the Trap,series,2016,N/A,04 Jan 2016,"Comedy, Romance",N/A,N/A,Korean,South Korea,tt4741110,7.4,"2,946",N/A,N/A,https://m.media-amazon.com/images/M/MV5BZTRiNThhODktZmVjNy00MzU5LThhZGYtMDllNWQ5YzJhZTUzXkEyXkFqcGdeQXVyMjUwMTE1ODU@._V1_SX300.jpg
Strongest Deliveryman,series,2017,N/A,04 Aug 2017,"Drama, Romance",N/A,N/A,Korean,South Korea,tt7022748,7.3,349,N/A,N/A,https://m.media-amazon.com/images/M/MV5BMTZkOGVjNjQtYzhhOC00MzA1LThmODgtMDI3ZGJlZWJmYWViXkEyXkFqcGdeQXVyNzk0NTA5NQ@@._V1_SX300.jpg
Forgotten,movie,2017,TV-MA,29 Nov 2017,"Horror, Mystery, Thriller",Hang-jun Jang,Hang-jun Jang,Korean,South Korea,tt7057496,7.4,"19,763",N/A,N/A,https://m.media-amazon.com/images/M/MV5BMWE2Y2FhNzQtN2NkOC00MjdjLTgyMDYtYTUwMzQ0MTIxNjcxXkEyXkFqcGdeQXVyMTMxMTY0OTQ@._V1_SX300.jpg
YG Future Strategy Office,series,2018–,TV-MA,05 Oct 2018,Comedy,N/A,N/A,N/A,South Korea,tt8129694,7.1,186,N/A,N/A,https://m.media-amazon.com/images/M/MV5BY2I0ZDQyMTQtZTFkMC00ZDU5LTk1NjItZjlhYjg5YTFhMzdlXkEyXkFqcGdeQXVyNTk5NDY5Njc@._V1_SX300.jpg
My Secret Romance,series,2017,TV-14,17 Apr 2017,"Comedy, Romance",N/A,N/A,Korean,South Korea,tt6300100,7.2,"1,887",N/A,N/A,https://m.media-amazon.com/images/M/MV5BNWE3YjI3M2MtYjAyYS00YjAyLWFkZDAtOTM5NDVjZTY0ZGNiXkEyXkFqcGdeQXVyMTMxODk2OTU@._V1_SX300.jpg
Tomorrow with You,series,2017,TV-14,03 Feb 2017,"Fantasy, Romance",N/A,N/A,Korean,South Korea,tt5994346,7.5,655,N/A,N/A,https://m.media-amazon.com/images/M/MV5BZmU1ZmQwZGItNTM4Zi00NTYyLWFhNjItMTBlM2JlODA4Zjk2L2ltYWdlXkEyXkFqcGdeQXVyMzE4MDkyNTA@._V1_SX300.jpg
Oggy and the Cockroaches,series,1997–,TV-Y,28 Nov 1998,"Animation, Action, Comedy, Family",N/A,"Jean-Yves Raimbaud, Marc Du Pontavice","French, English","France, Canada, Philippines, Vietnam, South Korea, USA, UK",tt0213363,7.3,"3,602",N/A,N/A,https://m.media-amazon.com/images/M/MV5BMzBmODg2NDctODE2Ny00NjcwLTliNTYtZTlmMjg4MTAwMzJmXkEyXkFqcGdeQXVyODIyOTEyMzY@._V1_SX300.jpg
Ultimate Beastmaster,series,2017–2018,N/A,24 Feb 2017,"Game-Show, Reality-TV",N/A,"David Broome, Sylvester Stallone","English, Spanish, Korean, Japanese, German, Portuguese","USA, Brazil, South Korea, Mexico, Japan, Germany",tt5607970,7.3,"2,116",N/A,N/A,https://m.media-amazon.com/images/M/MV5BMjkxMjM5MTkzM15BMl5BanBnXkFtZTgwNDAwODIzMTI@._V1_SX300.jpg
Okja,movie,2017,TV-MA,28 Jun 2017,"Action, Adventure, Drama, Sci-Fi",Bong Joon Ho,"Bong Joon Ho (screenplay by), Jon Ronson (screenplay by), Bong Joon Ho (story by)","English, Korean, Spanish","South Korea, USA",tt3967856,7.3,"106,006","Kate Street Picture Company, Plan B Entertainment, Lewis Pictures, Netflix",N/A,https://m.media-amazon.com/images/M/MV5BMjQxMTcxNDgxN15BMl5BanBnXkFtZTgwOTczNTIzMjI@._V1_SX300.jpg
Argon,series,2017,N/A,04 Sep 2017,Drama,N/A,N/A,Korean,South Korea,tt7094798,7.4,202,N/A,N/A,https://m.media-amazon.com/images/M/MV5BNGExOGRiMGQtYjFmYS00YmU0LWJkYjAtYTBkZjFmZWJkNzcyXkEyXkFqcGdeQXVyMzE4MDkyNTA@._V1_SX300.jpg
Pinkfong Wonderstar,series,2019–,N/A,16 Mar 2019,Animation,N/A,N/A,Korean,South Korea,tt9854932,7.0,12,N/A,N/A,https://m.media-amazon.com/images/M/MV5BZDc0YTZiOTAtYjUzNi00YzE3LWI5YzQtY2ZmMWQ4NWM3NGE3XkEyXkFqcGdeQXVyOTY0MDUzMDg@._V1_SX300.jpg
Cinderella and the Four Knights,series,2016,N/A,12 Aug 2016,"Comedy, Romance",N/A,N/A,Korean,South Korea,tt5764414,7.4,"2,555",N/A,N/A,https://m.media-amazon.com/images/M/MV5BZDk4MzYxMjYtNWI0ZS00NDE1LTk5YjYtZjI4NDM1ZTBhZjdmXkEyXkFqcGdeQXVyMzE4MDkyNTA@._V1_SX300.jpg
The Liar and His Lover,series,2017,N/A,20 Mar 2017,"Music, Romance",N/A,N/A,Korean,South Korea,tt6422226,6.9,620,N/A,N/A,https://m.media-amazon.com/images/M/MV5BYzkwNWNhMTUtYmQ4MC00NDc0LWI4MzctMzVhMzk4MDliZTUyXkEyXkFqcGdeQXVyMzE4MDkyNTA@._V1_SX300.jpg
Suits,series,2018,N/A,25 Apr 2018,"Crime, Drama, Thriller",N/A,Aaron Korsh,Korean,South Korea,tt8084058,7.4,489,N/A,N/A,https://m.media-amazon.com/images/M/MV5BNTRhNjE1NzktNDM3Zi00NzFjLWI2ZGEtMTZhZTZhZTczYWM2XkEyXkFqcGdeQXVyMzEzMjk0MQ@@._V1_SX300.jpg
100 Days My Prince,series,2018,N/A,10 Sep 2018,"Comedy, History, Romance",N/A,N/A,Korean,South Korea,tt8199972,7.5,927,N/A,N/A,https://m.media-amazon.com/images/M/MV5BYjljZGVmOWUtMGE4My00OGEyLWE2MWUtOWViYmE1YjQ5YWQzXkEyXkFqcGdeQXVyMzE4MDkyNTA@._V1_SX300.jpg
Snowpiercer,movie,2013,R,11 Jul 2014,"Action, Drama, Sci-Fi",Bong Joon Ho,"Jacques Lob (based on ""Le Transperceneige"" by), Benjamin Legrand (based on ""Le Transperceneige"" by), Jean-Marc Rochette (based on ""Le Transperceneige"" by), Bong Joon Ho (screen story by), Bong Joon Ho (screenplay by), Kelly Masterson (screenplay by)","English, Korean, French, Japanese, Czech, German","South Korea, Czech Republic",tt1706620,7.1,"322,589","Opus, CJ Entertainment, Stillking Films, Moho Film",N/A,https://m.media-amazon.com/images/M/MV5BMTQ3NzA1MTY3MV5BMl5BanBnXkFtZTgwNzE2Mzg5MTE@._V1_SX300.jpg
Seoul Searching,movie,2015,TV-MA,15 Dec 2017,"Comedy, Drama, Music, Romance",Benson Lee,Benson Lee,"English, Korean, German","South Korea, China, USA",tt2566644,7.0,"1,306",N/A,N/A,https://m.media-amazon.com/images/M/MV5BMTUyNDM2MzQ1OV5BMl5BanBnXkFtZTgwMzU0NzEwOTE@._V1_SX300.jpg
Steel Rain,movie,2017,TV-MA,14 Mar 2018,"Action, Drama, Thriller",WooSuk Yang,"Ha-Yong Jung, WooSuk Yang","Korean, Mandarin, English",South Korea,tt6769508,7.1,"4,496",N/A,N/A,https://m.media-amazon.com/images/M/MV5BYzI0YjY0ODktOWU3MC00MjkyLThiNjQtNGM5NTllODRhOWQwXkEyXkFqcGdeQXVyNDcyMjQ4MzU@._V1_SX300.jpg
The Witch: Part 1 - The Subversion,movie,2018,Not Rated,27 Jun 2018,"Action, Mystery",Hoon-jung Park,Hoon-jung Park,"Korean, English",South Korea,tt8574252,7.1,"6,513",N/A,N/A,https://m.media-amazon.com/images/M/MV5BODc0MjJhMDYtZjYwNy00NTc2LWJjYzYtMTQ2ODY3YjEyZTZjXkEyXkFqcGdeQXVyNDcyMjQ4MzU@._V1_SX300.jpg
Jesters: The Game Changers,movie,2019,N/A,21 Aug 2019,"Comedy, Drama, History",Joo-Ho Kim,Joo-Ho Kim,"Korean, Mandarin",South Korea,tt10892530,6.4,173,N/A,N/A,https://m.media-amazon.com/images/M/MV5BYmE1YzA3MTctMDU4MS00NTdkLThiYWUtODYyNDU0Zjk5OWUyXkEyXkFqcGdeQXVyODg1NjU2MjE@._V1_SX300.jpg
Tune in for Love,movie,2019,N/A,05 Nov 2019,"Drama, Romance",Ji-woo Jung,Ji-woo Jung,Korean,South Korea,tt10763618,7.1,"2,241",N/A,N/A,https://m.media-amazon.com/images/M/MV5BMjJiMGU4ZDMtYTA4MS00MjUyLWFkMjUtYzBmZTQ5NDRkNmExXkEyXkFqcGdeQXVyNjc3MjQzNTI@._V1_SX300.jpg
My Only Love Song,series,2017–,N/A,09 Jun 2017,"Fantasy, Romance",N/A,N/A,Korean,South Korea,tt6125832,6.8,522,N/A,N/A,https://m.media-amazon.com/images/M/MV5BMWJkNzc3YjEtNjQyZS00YzZlLWI5M2ItM2RmMzIzYmZiYmU4XkEyXkFqcGdeQXVyMzE4MDkyNTA@._V1_SX300.jpg
Zak Storm,series,2016–,TV-Y7-FV,14 Oct 2017,"Animation, Action, Adventure, Comedy, Family, Fantasy, Sci-Fi",N/A,N/A,"English, French","USA, France, South Korea, Indonesia",tt4209752,6.4,112,N/A,N/A,https://m.media-amazon.com/images/M/MV5BY2VjZTcwMDgtYjZiOS00ZGI5LWJkZDQtMDk3YThiNjAyOTVkL2ltYWdlXkEyXkFqcGdeQXVyNjM2NDIwMzQ@._V1_SX300.jpg
Possessed,series,2019–,N/A,06 Mar 2019,"Comedy, Crime, Drama, Horror, Romance, Thriller",N/A,N/A,Korean,South Korea,tt9537306,6.9,495,N/A,N/A,https://m.media-amazon.com/images/M/MV5BMjBmMTMyZDYtZjkwZC00YTNhLTg4YmUtOTQ1MjZjOTc4MDY0XkEyXkFqcGdeQXVyNjc3MjQzNTI@._V1_SX300.jpg
Abyss,series,2019,TV-14,06 May 2019,"Comedy, Fantasy, Romance",N/A,N/A,Korean,South Korea,tt10055734,7.1,"1,190",N/A,N/A,https://m.media-amazon.com/images/M/MV5BMGNlN2I4Y2YtNGUyYi00MTk2LWJkYWItMTVhNjFiYzY3YmEyXkEyXkFqcGdeQXVyNzk0NTA5NQ@@._V1_SX300.jpg
Rocko's Modern Life: Static Cling,movie,2019,TV-Y7,09 Aug 2019,"Animation, Action, Adventure, Comedy, Family","Joe Murray, Cosmo Segurson","Joe Murray (creator), Joe Murray, Mr. Lawrence, Martin Olson, Dan Becker (additional writing), Cosmo Segurson (additional writing), Tom Smith (additional writing)",English,"USA, South Korea",tt6172460,7.0,"3,445",N/A,N/A,https://m.media-amazon.com/images/M/MV5BY2M1MDc2YzEtZDVmYS00NTE0LWEwOGMtZDQyNmNlZmRlYTAwXkEyXkFqcGdeQXVyODI3MTM2NDY@._V1_SX300.jpg
The Lies Within,series,2019–,N/A,12 Oct 2019,"Drama, Mystery, Thriller",N/A,N/A,Korean,South Korea,tt10919902,6.8,206,N/A,N/A,https://m.media-amazon.com/images/M/MV5BNDMyN2RmZjUtZTJkYy00Yzg3LWFiODUtM2VkYjIzZjY5YWFkXkEyXkFqcGdeQXVyNjc3MjQzNTI@._V1_SX300.jpg
Hymn of Death,series,2018,N/A,27 Nov 2018,"Drama, History, Music, Romance",N/A,N/A,Korean,South Korea,tt8160064,7.3,643,N/A,N/A,https://m.media-amazon.com/images/M/MV5BMjhiMWNiNzAtNGY3MC00MzRjLWI5MGMtYWJhNGFmYjkwYjdjXkEyXkFqcGdeQXVyMzE4MDkyNTA@._V1_SX300.jpg
My Sassy Girl,series,2017,N/A,29 May 2017,"Comedy, Romance",N/A,N/A,Korean,South Korea,tt6175760,6.9,365,N/A,N/A,https://m.media-amazon.com/images/M/MV5BZDkyODMwNDktNGZlMi00MDIzLTk5MjUtNjBlNzI1NGRhYTU4XkEyXkFqcGdeQXVyNzk0NTA5NQ@@._V1_SX300.jpg
YooHoo to the Rescue,series,2019–,TV-Y,15 Mar 2019,Family,N/A,N/A,N/A,South Korea,tt9817288,6.8,40,N/A,N/A,https://m.media-amazon.com/images/M/MV5BMTNiNjc1YjYtOGJlNC00NjY3LWI5MGEtMDAyMmM2MmFhMTM4XkEyXkFqcGdeQXVyMTMxODk2OTU@._V1_SX300.jpg
Revolutionary Love,series,2017,N/A,14 Oct 2017,"Comedy, Romance",N/A,N/A,Korean,South Korea,tt7340800,7.0,446,N/A,N/A,https://m.media-amazon.com/images/M/MV5BNDE1MTVlMTEtZDVmZC00YjY5LTljN2ItNDUwNzQxMmUyY2FiXkEyXkFqcGdeQXVyMzE4MDkyNTA@._V1_SX300.jpg
Skylanders Academy,series,2016–2018,TV-Y7,28 Oct 2016,"Animation, Short, Action, Adventure, Comedy, Family, Fantasy",N/A,Eric Rogers,"English, Spanish, German, French, Mandarin, Korean","South Korea, USA",tt5916218,6.6,587,N/A,N/A,https://m.media-amazon.com/images/M/MV5BMGJlZGQ3NjItNDQxOC00MGU4LWFiYjYtMjIyZTFjMmM4NzZjXkEyXkFqcGdeQXVyNjk1MTc0MDg@._V1_SX300.jpg
Pandora,movie,2016,Not Rated,17 Mar 2017,"Action, Drama, Thriller",Jong-woo Park,Jung-Woo Park,Korean,South Korea,tt6302160,6.7,"5,910",N/A,N/A,https://m.media-amazon.com/images/M/MV5BNmExNmZiZTYtYmY2My00YmRhLThjZWYtOGM4ODIwNDZhNDZhL2ltYWdlXkEyXkFqcGdeQXVyNzE5MDMyMzk@._V1_SX300.jpg
Persona,series,2019,N/A,05 Apr 2019,Drama,N/A,N/A,"Korean, English",South Korea,tt10027990,6.7,844,N/A,N/A,https://m.media-amazon.com/images/M/MV5BMGNiZGNiOTgtZDRkOC00MWZlLTllYjUtMDU5YmY5MzFiZDRjXkEyXkFqcGdeQXVyMTMxODk2OTU@._V1_SX300.jpg
Robocar Poli,series,2011–,TV-Y,N/A,"Animation, Adventure, Comedy, Family, Fantasy",N/A,N/A,Korean,South Korea,tt4763642,6.5,77,N/A,N/A,https://m.media-amazon.com/images/M/MV5BMmEzOTc2NWUtYjJiMy00Mzc5LTkxYTctMmZlMzg2Y2MxNDA4XkEyXkFqcGdeQXVyMTMxODk2OTU@._V1_SX300.jpg
Secret in Their Eyes,movie,2015,PG-13,20 Nov 2015,"Crime, Drama, Mystery, Thriller",Billy Ray,"Billy Ray (screenplay), Juan José Campanella (film ""El secreto de sus ojos""), Eduardo Sacheri (film ""El secreto de sus ojos"")",English,"USA, UK, Spain, South Korea",tt1741273,6.3,"44,011","Gran Via, Willie&#39;s Movies, SITE",N/A,https://m.media-amazon.com/images/M/MV5BMjE0ODU1NDE0Ml5BMl5BanBnXkFtZTgwNzc4Njc3NjE@._V1_SX300.jpg
26 Years,movie,2012,N/A,29 Nov 2012,"Drama, Thriller",Geun-hyun Cho,"Pool Kang (comic book), Hae-Young Lee",Korean,South Korea,tt2551894,6.3,929,N/A,N/A,https://m.media-amazon.com/images/M/MV5BMzJkMzk5N2ItZDcwNS00OGE5LWFlMGQtNGU5MjgwOGI0MTZiXkEyXkFqcGdeQXVyOTExODQ3OQ@@._V1_SX300.jpg
Start-Up,movie,2019,N/A,18 Dec 2019,"Action, Comedy, Drama",Jeong-Yeol Choi,"Jeong-Yeol Choi, Geum-San Jo",Korean,South Korea,tt11454170,6.3,421,N/A,N/A,https://m.media-amazon.com/images/M/MV5BOTI1YjUwZmMtYTRmZS00MmNiLWFiZjEtYTcwMmVjNzQ5NWE5XkEyXkFqcGdeQXVyMjU0ODQ5NTA@._V1_SX300.jpg
Super Wings!,series,2015–,TV-Y,16 Mar 2015,"Animation, Adventure, Family, Sci-Fi",N/A,Gil Hoon Jung,"English, Korean, Chinese","USA, South Korea, China",tt3600266,6.0,244,N/A,N/A,https://m.media-amazon.com/images/M/MV5BZDU0YWQ0NmYtZTRmOC00ZDA3LTgyYTYtMzg4OGYxZGZjNmY2XkEyXkFqcGdeQXVyMTMxODk2OTU@._V1_SX300.jpg
Jo Pil-ho: The Dawning Rage,movie,2019,Not Rated,21 Mar 2019,"Action, Crime, Drama, Thriller",Jeong-beom Lee,Jeong-beom Lee,Korean,South Korea,tt7738048,6.3,"1,403",N/A,N/A,https://m.media-amazon.com/images/M/MV5BYTIxOTYyY2MtMDI0Yy00MDllLWE2ZTEtZjNkZTczOTAyOGQ3XkEyXkFqcGdeQXVyNjc3MjQzNTI@._V1_SX300.jpg
Svaha: The Sixth Finger,movie,2019,Not Rated,20 Feb 2019,"Horror, Mystery, Thriller",Jae-hyun Jang,"Kang Full (character created by: Svaha: The Sixth Finger), Jae-hyun Jang","Korean, English",South Korea,tt7299298,6.3,"2,902",N/A,N/A,https://m.media-amazon.com/images/M/MV5BMjU2ZmRhN2MtYTc3Ny00OTc5LWIyOTAtNGQ3ZmFlZGEyOGNmXkEyXkFqcGdeQXVyNjc3MjQzNTI@._V1_SX300.jpg
Flowering Heart,series,2016–,TV-Y7,29 Feb 2016,"Animation, Horror",N/A,Jong Il Choi,Korean,South Korea,tt9899342,7.2,26,N/A,N/A,https://m.media-amazon.com/images/M/MV5BMjEyODJiMjUtN2NhYS00MzJkLTljM2EtZjJjMmI2MjFlOTU0XkEyXkFqcGdeQXVyOTY0MDUzMDg@._V1_SX300.jpg
Robot Trains,series,2017–2020,TV-Y7,15 Jul 2017,"Animation, Action, Adventure, Comedy, Fantasy, Sci-Fi",N/A,N/A,English,South Korea,tt7216288,5.9,52,N/A,N/A,https://m.media-amazon.com/images/M/MV5BNzkyZDY1YjUtZjM1MS00ZTFkLTkzNTgtYTQ3ZDJiNmNiNWIwXkEyXkFqcGdeQXVyMTMxODk2OTU@._V1_SX300.jpg
The School Nurse Files,series,2020–,TV-MA,25 Sep 2020,"Comedy, Drama, Fantasy",N/A,N/A,Korean,South Korea,tt12879522,6.5,759,N/A,N/A,https://m.media-amazon.com/images/M/MV5BMjJhODM2YWYtYTM3Yi00OTFhLWEwZWMtOGEwZDY1MjE3YTg0XkEyXkFqcGdeQXVyNjEwNTM2Mzc@._V1_SX300.jpg
The Miracle,series,2016–2017,N/A,12 Dec 2016,Drama,N/A,N/A,Korean,South Korea,tt6703344,6.4,149,N/A,N/A,https://m.media-amazon.com/images/M/MV5BNTRhYWQzYzEtMDAwYi00M2Y1LTk2ZTYtNDMzNDgxN2Y5NWM2XkEyXkFqcGdeQXVyODIxMzgyMDk@._V1_SX300.jpg
Lucid Dream,movie,2017,N/A,02 Jun 2017,"Sci-Fi, Thriller",Joon-Sung Kim,Joon-Sung Kim,Korean,South Korea,tt6830780,6.1,"2,958",N/A,N/A,https://m.media-amazon.com/images/M/MV5BZTQ5MDRlNmEtMzc2Ny00YTk0LWExNmUtYzNkMjc0NWFkMDFkXkEyXkFqcGdeQXVyNjE1OTQ0NjA@._V1_SX300.jpg
The Drug King,movie,2018,Not Rated,19 Dec 2018,"Action, Crime, Drama",Min-ho Woo,Min-ho Woo,"Korean, Japanese",South Korea,tt6914542,6.2,"2,320",Showbox/Mediaplex,N/A,https://m.media-amazon.com/images/M/MV5BMDUxNzI0OGYtZjUwOC00ZWY0LWFjZTEtN2Q0ZGE3ZjgzZWJmXkEyXkFqcGdeQXVyNjM0NDA5NDg@._V1_SX300.jpg
Rainbow Ruby,series,2016–,TV-Y,23 Apr 2016,"Animation, Comedy, Family, Fantasy",N/A,N/A,N/A,"South Korea, Canada, USA, China",tt5828144,6.5,52,N/A,N/A,https://m.media-amazon.com/images/M/MV5BOWI2MjVlZWMtNzllOC00MjIyLWE3ZjYtMjk1NjEyYTEzYmUwXkEyXkFqcGdeQXVyMTMxODk2OTU@._V1_SX300.jpg
Time to Hunt,movie,2020,TV-MA,10 Apr 2020,"Action, Crime, Drama, Sci-Fi, Thriller",Sung-hyun Yoon,Sung-hyun Yoon,Korean,South Korea,tt11777040,6.3,"3,798",N/A,N/A,https://m.media-amazon.com/images/M/MV5BMmIzYzUyZTktODVlYy00ZTdjLWFkYzEtNTMyZTY3MWVhNzQ0XkEyXkFqcGdeQXVyMTMxODk2OTU@._V1_SX300.jpg
Inrang,movie,2018,TV-MA,25 Jul 2018,"Action, Sci-Fi","Jee-woon Kim, Jee-woon Kim","Jee-woon Kim, Mamoru Oshii (original story)",Korean,South Korea,tt3967878,6.0,"4,101",Lewis Pictures,N/A,https://m.media-amazon.com/images/M/MV5BMWI3ZjJmZWMtMDM2Yi00Mjg2LTg2NTktOWY2ZTc5ZDFiNzdjXkEyXkFqcGdeQXVyNzQzNDM3NTI@._V1_SX300.jpg
Yeom-lyeok,movie,2018,Not Rated,25 Apr 2018,"Action, Comedy, Fantasy",Sang-ho Yeon,Sang-ho Yeon,Korean,South Korea,tt6890582,5.9,"4,751",RedPeter Film,N/A,https://m.media-amazon.com/images/M/MV5BY2E0MDk1NDktZmI1ZC00ZDU2LTk2MTEtY2E3NjBmODA4YmU3XkEyXkFqcGdeQXVyNjQ3ODkxMjE@._V1_SX300.jpg
H,movie,2002,R,27 Dec 2002,"Drama, Mystery, Thriller",Jong-Hyuk Lee,Jong-Hyuk Lee,Korean,South Korea,tt0304120,5.9,"1,724",N/A,N/A,https://m.media-amazon.com/images/M/MV5BMTY3NjQwNDMwNV5BMl5BanBnXkFtZTcwNjE3ODgyMQ@@._V1_SX300.jpg
The Nut Job,movie,2014,PG,17 Jan 2014,"Animation, Adventure, Comedy, Crime, Family",Peter Lepeniotis,"Peter Lepeniotis, Lorne Cameron, Peter Lepeniotis (story by), Daniel Woo (story by), Robert Reece (additional screenplay material)","English, Dutch","Canada, South Korea, USA",tt1821658,5.7,"26,787","Redrover Co. Ltd., Gulfstream Pictures, ToonBox Entertainment",N/A,https://m.media-amazon.com/images/M/MV5BMTQ1NjAxMDUzN15BMl5BanBnXkFtZTgwOTE5NDM3MDE@._V1_SX300.jpg
A Man Called God,series,2010,N/A,06 Mar 2010,Romance,N/A,N/A,Korean,South Korea,tt2060590,6.0,155,N/A,N/A,https://m.media-amazon.com/images/M/MV5BNzQxYjlhZWEtNzUzMy00NjdlLWEyNWItMDRiOWNhNThmNzlhXkEyXkFqcGdeQXVyMzE4MDkyNTA@._V1_SX300.jpg
Revenger,movie,2018,Not Rated,15 Jan 2019,"Action, Crime, Thriller",Seung-Won Lee,Bruce Khan,"Korean, English",South Korea,tt9426186,5.7,"3,659",N/A,N/A,https://m.media-amazon.com/images/M/MV5BY2I2ZGQwNjctYTA2Yi00ZGVhLWI5ZDgtZmQzNWIzMDNjYzRmXkEyXkFqcGdeQXVyNTg4ODkzODA@._V1_SX300.jpg
Goedam,series,2020–,TV-MA,20 Aug 2020,"Short, Horror, Mystery, Thriller",N/A,N/A,Korean,South Korea,tt12929796,5.7,553,N/A,N/A,https://m.media-amazon.com/images/M/MV5BZjY4MjBiMTktMjVlNC00ODUxLWE5MjItYjBmYjVmNDBmZjYyXkEyXkFqcGdeQXVyMDY2OTkwNQ@@._V1_SX300.jpg
Jumping Girl,series,2015,N/A,N/A,Drama,N/A,N/A,Korean,South Korea,tt6283832,5.2,45,N/A,N/A,https://m.media-amazon.com/images/M/MV5BYzdkMWQ4ZDEtMmU1NC00NDBlLWJiNDEtMmU2ZDNmMTQ1NDE3XkEyXkFqcGdeQXVyNTM3NTk4NDk@._V1_SX300.jpg
The Young Messiah,movie,2016,PG-13,11 Mar 2016,"Drama, Fantasy",Cyrus Nowrasteh,"Betsy Giffen Nowrasteh (screenplay by), Cyrus Nowrasteh (screenplay by), Anne Rice (novel)",English,"USA, South Korea",tt1002563,5.6,"3,205","1492 Pictures, CJ Entertainment",N/A,https://m.media-amazon.com/images/M/MV5BMTU4NzM3NzczMF5BMl5BanBnXkFtZTgwMzM0NjkwNzE@._V1_SX300.jpg
"Tayo, the Little Bus",series,2010–,N/A,N/A,Animation,N/A,N/A,"Indonesian, Korean, English",South Korea,tt3270208,5.6,124,N/A,N/A,https://m.media-amazon.com/images/M/MV5BM2M3N2QyNjYtZTg4OS00ODkxLWJjOGYtMzlhZTdmMDkyNGJkXkEyXkFqcGdeQXVyNTM3MDMyMDQ@._V1_SX300.jpg
High Society,movie,2018,N/A,29 Aug 2018,Drama,Hyuk Byun,Hyuk Byun,Korean,South Korea,tt8865580,5.4,659,N/A,N/A,https://m.media-amazon.com/images/M/MV5BYjJhMzlmNTgtOTMyYS00ZGE1LThjYTktNWEwZjYzN2IwZjQyXkEyXkFqcGdeQXVyNDcyMjQ4MzU@._V1_SX300.jpg
The Larva Island Movie,movie,2020,N/A,23 Jul 2020,Animation,Byoung-Wook Ahn,N/A,English,South Korea,tt12588448,5.1,439,N/A,N/A,https://m.media-amazon.com/images/M/MV5BN2RmMGExZmYtZmIxNS00MWVkLThiMjAtMGI2YjE0MTNiZWE2XkEyXkFqcGdeQXVyMTMxODk2OTU@._V1_SX300.jpg
Garfield's Fun Fest,movie,2008,TV-Y7,05 Aug 2008,"Animation, Adventure, Comedy, Family, Fantasy","Mark A.Z. Dippé, Eondeok Han",Jim Davis,English,"USA, South Korea",tt1135929,4.4,717,N/A,N/A,https://m.media-amazon.com/images/M/MV5BMTY1MTgwODQ1NF5BMl5BanBnXkFtZTcwMTY3NjQ3MQ@@._V1_SX300.jpg
Arctic Dogs,movie,2019,PG,01 Nov 2019,"Animation, Adventure, Comedy, Family",Aaron Woodley,"Bob Barlen, Cal Brunker, Matthew Lyon (created by), Bryan Thompson (contributing writer), Aaron Woodley","English, Korean","India, UK, China, Canada, Japan, South Korea, USA",tt4426464,4.7,"1,435","AMBI Group, Assemblage Entertainment",N/A,https://m.media-amazon.com/images/M/MV5BNTY1OTQyM2YtM2ZjOC00OWQwLTkzM2YtZjAyOGZkYjlhNWFhXkEyXkFqcGdeQXVyMTk5MzE1MTY@._V1_SX300.jpg
Garfield's Pet Force,movie,2009,G,06 Aug 2009,"Animation, Action, Adventure, Comedy, Family, Fantasy, Sci-Fi",Mark A.Z. Dippé,Jim Davis,English,"USA, South Korea",tt1389762,4.2,813,N/A,N/A,https://m.media-amazon.com/images/M/MV5BMTcyNTIzNjA1NV5BMl5BanBnXkFtZTcwOTE2NzI5Mw@@._V1_SX300.jpg
Norm of the North: King Sized Adventure,movie,2019,Not Rated,02 Aug 2019,"Animation, Adventure, Comedy, Family","Richard Finn, Tim Maltby",Dean Stefan,English,"USA, India, South Korea, China",tt9428190,3.3,314,"Assemblage Entertainment, Splash Entertainment",N/A,https://m.media-amazon.com/images/M/MV5BNjMwZDhhZWYtOTM0OC00ZTQzLWIyNDktNDM1NmVkYTY4NWNlXkEyXkFqcGdeQXVyNTYyNDUxMDc@._V1_SX300.jpg
Cheonsangui hwawon,series,2011–2012,N/A,N/A,Drama,N/A,N/A,Korean,South Korea,tt3113612,8.6,57,N/A,N/A,https://m.media-amazon.com/images/M/MV5BOGUzMTg4ZmUtMWVhYi00MTYxLWIzZTYtYWQ2MjVjYWVhOTIzXkEyXkFqcGdeQXVyMzE4MDkyNTA@._V1_SX300.jpg
My Little Baby,series,2016,N/A,05 Mar 2016,"Comedy, Drama",N/A,N/A,Korean,South Korea,tt5546516,6.8,70,N/A,N/A,https://m.media-amazon.com/images/M/MV5BN2U5MzE0NjItZWQwNi00ZDFiLWI3NDctZGRiM2YyYzkwNmQyXkEyXkFqcGdeQXVyMzE4MDkyNTA@._V1_SX300.jpg
can we just love,movie,2018,N/A,01 Jun 2018,"Drama, Romance",Songyeol Park,N/A,Korean,South Korea,tt8714516,N/A,N/A,N/A,N/A,N/A
Miniforce X,movie,2018,N/A,18 Apr 2019,Animation,Youngjun Lee,N/A,"Korean, English",South Korea,tt10339932,N/A,N/A,N/A,N/A,https://m.media-amazon.com/images/M/MV5BNThjNmVkNWItZTdmMC00NzQ2LWJlN2MtNzMwOGE4NDcyNzc1XkEyXkFqcGdeQXVyNzY1OTgwNjI@._V1_SX300.jpg
Park Na-rae: Glamour Warning,movie,2019,N/A,16 Oct 2019,Comedy,Kim Joo-Hyung,N/A,N/A,Korea,tt10927068,4.9,52,N/A,N/A,https://m.media-amazon.com/images/M/MV5BMWQ1YmZlNTAtMGMxMS00NmE3LWEzZDItZDdjMWNhMThkNGYzXkEyXkFqcGdeQXVyMTMxODk2OTU@._V1_SX300.jpg
My Holo Love,series,2020,N/A,07 Feb 2020,"Drama, Romance, Sci-Fi",N/A,N/A,N/A,Korea,tt11058644,7.7,"1,387",N/A,N/A,https://m.media-amazon.com/images/M/MV5BNGUzOTEzYjYtMzA3OS00MjlmLThjZGEtM2RjMzEyM2Y2YjI0XkEyXkFqcGdeQXVyNzk0NTA5NQ@@._V1_SX300.jpg
Extracurricular,series,2020,TV-MA,29 Apr 2020,"Crime, Drama",N/A,N/A,Korean,South Korea,tt10262630,7.7,"2,841",N/A,N/A,https://m.media-amazon.com/images/M/MV5BYzg0NjMyOTYtNjAyNi00MmFkLWExMjQtOGRhMDA0MmNlNjdhXkEyXkFqcGdeQXVyMTMxODk2OTU@._V1_SX300.jpg
Kongsuni and Friends,series,2017–,N/A,22 Aug 2017,Animation,N/A,N/A,English,South Korea,tt9529810,3.9,13,N/A,N/A,https://m.media-amazon.com/images/M/MV5BMzlmNDdlOWMtZDA3ZC00MjcwLTgxODctOGQ3ZTJlZDRiMzY1XkEyXkFqcGdeQXVyOTcyNTkzOTA@._V1_SX300.jpg
Bread Barbershop,series,2020–,TV-Y,15 Aug 2020,Animation,N/A,N/A,English,South Korea,tt12912830,8.5,61,N/A,N/A,https://m.media-amazon.com/images/M/MV5BMWI1Njc3NjktMmY4MC00NDZmLWE4MDItOGUxZDVkY2Y3ODc0XkEyXkFqcGdeQXVyNTg1MTY4MjI@._V1_SX300.jpg
Graceful Friends,series,2020–,N/A,10 Jul 2020,"Crime, Drama, Mystery",N/A,N/A,Korean,South Korea,tt12531492,6.4,75,N/A,N/A,https://m.media-amazon.com/images/M/MV5BNGY1NDM3ZDEtODdmOS00OWIyLWJmZTktODE1NTdiZDkyY2Y4XkEyXkFqcGdeQXVyNDY5MjMyNTg@._V1_SX300.jpg
Do Do Sol Sol La La Sol,series,2020,N/A,07 Oct 2020,"Comedy, Music, Romance",N/A,N/A,Korean,South Korea,tt12850262,7.4,767,N/A,N/A,https://m.media-amazon.com/images/M/MV5BZTAwNTA1MTMtYzAzYy00NWQ5LWJjYTItNTYyZjEzNWZhMmVkXkEyXkFqcGdeQXVyNDU4MDQ0MjM@._V1_SX300.jpg
The Uncanny Counter,series,2020–,N/A,28 Nov 2020,"Action, Fantasy, Horror, Mystery",N/A,N/A,Korean,South Korea,tt13273826,8.1,"1,872",N/A,N/A,https://m.media-amazon.com/images/M/MV5BOTk5NmIxNTgtNWRjYS00OWQ4LTlhOTctOGU0NzlkODQ3Zjg2XkEyXkFqcGdeQXVyNDY5MjMyNTg@._V1_SX300.jpg
Lovestruck in the City,series,2020–,TV-14,22 Dec 2020,"Drama, Romance",N/A,N/A,Korean,South Korea,tt13394544,7.4,466,N/A,N/A,https://m.media-amazon.com/images/M/MV5BZmY2NjFjODYtZWZkZi00MjI2LWE1ZjQtMGM3NDg4MDE5MzdlXkEyXkFqcGdeQXVyNDU4MDQ0MjM@._V1_SX300.jpg
What Happened to Mr Cha?,movie,2021,N/A,01 Jan 2021,"Comedy, Drama",Dong-kyu Kim,Dong-kyu Kim,Korean,South Korea,tt13667212,4.2,199,N/A,N/A,https://m.media-amazon.com/images/M/MV5BMTcwMTVjYzktYzRlOS00Yzk1LTkyZjgtN2Q2MWNkNzY3NDM3XkEyXkFqcGdeQXVyNjEwNTM2Mzc@._V1_SX300.jpg
Space Sweepers,movie,2021,TV-MA,05 Feb 2021,"Action, Adventure, Drama, Fantasy, Sci-Fi",Sung-hee Jo,Sung-hee Jo,"Russian, French, Spanish, Korean, English, Japanese, Danish, Chinese, Arabic, German, Filipino, Mandarin",South Korea,tt12838766,6.6,"14,931",N/A,N/A,https://m.media-amazon.com/images/M/MV5BZTUxN2M3ZWYtMzc1MC00NTc4LWFhZDItMzViZDg2NmFjMzBhXkEyXkFqcGdeQXVyMTMxODk2OTU@._V1_SX300.jpg
